{
  "Add User" : {
    "transaction" : "Add User",
    "sampleCount" : 5,
    "errorCount" : 0,
    "errorPct" : 0.0,
    "meanResTime" : 980.4,
    "medianResTime" : 1030.0,
    "minResTime" : 364.0,
    "maxResTime" : 1532.0,
    "pct1ResTime" : 1532.0,
    "pct2ResTime" : 1532.0,
    "pct3ResTime" : 1532.0,
    "throughput" : 0.08883834973881526,
    "receivedKBytesPerSec" : 0.11295657359368894,
    "sentKBytesPerSec" : 0.06135398528836929
  },
  "Login User" : {
    "transaction" : "Login User",
    "sampleCount" : 100,
    "errorCount" : 91,
    "errorPct" : 91.0,
    "meanResTime" : 7812.490000000002,
    "medianResTime" : 7759.0,
    "minResTime" : 7695.0,
    "maxResTime" : 10712.0,
    "pct1ResTime" : 7840.9,
    "pct2ResTime" : 7937.8,
    "pct3ResTime" : 10695.49999999999,
    "throughput" : 1.4763416254521298,
    "receivedKBytesPerSec" : 1.044035925850742,
    "sentKBytesPerSec" : 0.4959585148003248
  },
  "Debug Sampler" : {
    "transaction" : "Debug Sampler",
    "sampleCount" : 9,
    "errorCount" : 0,
    "errorPct" : 0.0,
    "meanResTime" : 0.5555555555555556,
    "medianResTime" : 1.0,
    "minResTime" : 0.0,
    "maxResTime" : 1.0,
    "pct1ResTime" : 1.0,
    "pct2ResTime" : 1.0,
    "pct3ResTime" : 1.0,
    "throughput" : 0.1672023334014528,
    "receivedKBytesPerSec" : 0.08860852824790533,
    "sentKBytesPerSec" : 0.0
  },
  "Get Contacs List" : {
    "transaction" : "Get Contacs List",
    "sampleCount" : 9,
    "errorCount" : 4,
    "errorPct" : 44.444443,
    "meanResTime" : 19406.333333333332,
    "medianResTime" : 10179.0,
    "minResTime" : 5312.0,
    "maxResTime" : 66848.0,
    "pct1ResTime" : 66848.0,
    "pct2ResTime" : 66848.0,
    "pct3ResTime" : 66848.0,
    "throughput" : 0.09573042312847023,
    "receivedKBytesPerSec" : 4.821848757232965,
    "sentKBytesPerSec" : 0.027215029144595487
  },
  "Total" : {
    "transaction" : "Total",
    "sampleCount" : 143,
    "errorCount" : 95,
    "errorPct" : 66.43356,
    "meanResTime" : 7318.580419580419,
    "medianResTime" : 7745.0,
    "minResTime" : 0.0,
    "maxResTime" : 66848.0,
    "pct1ResTime" : 7864.599999999999,
    "pct2ResTime" : 8964.799999999992,
    "pct3ResTime" : 50205.00000000009,
    "throughput" : 1.1527423983490794,
    "receivedKBytesPerSec" : 4.469096754788314,
    "sentKBytesPerSec" : 0.43758426405862055
  },
  "Update Contact " : {
    "transaction" : "Update Contact ",
    "sampleCount" : 5,
    "errorCount" : 0,
    "errorPct" : 0.0,
    "meanResTime" : 3845.0,
    "medianResTime" : 3617.0,
    "minResTime" : 3575.0,
    "maxResTime" : 4229.0,
    "pct1ResTime" : 4229.0,
    "pct2ResTime" : 4229.0,
    "pct3ResTime" : 4229.0,
    "throughput" : 0.09124420599291945,
    "receivedKBytesPerSec" : 0.09446983124384101,
    "sentKBytesPerSec" : 0.08803640187598087
  },
  "Get Contact" : {
    "transaction" : "Get Contact",
    "sampleCount" : 5,
    "errorCount" : 0,
    "errorPct" : 0.0,
    "meanResTime" : 3928.6,
    "medianResTime" : 3601.0,
    "minResTime" : 3581.0,
    "maxResTime" : 4693.0,
    "pct1ResTime" : 4693.0,
    "pct2ResTime" : 4693.0,
    "pct3ResTime" : 4693.0,
    "throughput" : 0.0903783236628527,
    "receivedKBytesPerSec" : 0.09343212248974206,
    "sentKBytesPerSec" : 0.04827826469099651
  },
  "Delete Contact" : {
    "transaction" : "Delete Contact",
    "sampleCount" : 5,
    "errorCount" : 0,
    "errorPct" : 0.0,
    "meanResTime" : 4823.6,
    "medianResTime" : 4198.0,
    "minResTime" : 3610.0,
    "maxResTime" : 7875.0,
    "pct1ResTime" : 7875.0,
    "pct2ResTime" : 7875.0,
    "pct3ResTime" : 7875.0,
    "throughput" : 0.0847227870408025,
    "receivedKBytesPerSec" : 0.06261543479734309,
    "sentKBytesPerSec" : 0.050883314482513216
  },
  "Add Contact " : {
    "transaction" : "Add Contact ",
    "sampleCount" : 5,
    "errorCount" : 0,
    "errorPct" : 0.0,
    "meanResTime" : 4551.6,
    "medianResTime" : 4292.0,
    "minResTime" : 3606.0,
    "maxResTime" : 5352.0,
    "pct1ResTime" : 5352.0,
    "pct2ResTime" : 5352.0,
    "pct3ResTime" : 5352.0,
    "throughput" : 0.0912425409222796,
    "receivedKBytesPerSec" : 0.09477106105950839,
    "sentKBytesPerSec" : 0.07627306155221811
  }
}