{
  "Add User" : {
    "transaction" : "Add User",
    "sampleCount" : 7,
    "errorCount" : 0,
    "errorPct" : 0.0,
    "meanResTime" : 1684.7142857142858,
    "medianResTime" : 375.0,
    "minResTime" : 352.0,
    "maxResTime" : 4996.0,
    "pct1ResTime" : 4996.0,
    "pct2ResTime" : 4996.0,
    "pct3ResTime" : 4996.0,
    "throughput" : 0.09876821920900766,
    "receivedKBytesPerSec" : 0.1256373636645831,
    "sentKBytesPerSec" : 0.06823384786872293
  },
  "Login User" : {
    "transaction" : "Login User",
    "sampleCount" : 100,
    "errorCount" : 90,
    "errorPct" : 90.0,
    "meanResTime" : 7889.749999999999,
    "medianResTime" : 7560.0,
    "minResTime" : 6690.0,
    "maxResTime" : 10865.0,
    "pct1ResTime" : 9480.6,
    "pct2ResTime" : 10654.549999999997,
    "pct3ResTime" : 10864.91,
    "throughput" : 0.9916109711837853,
    "receivedKBytesPerSec" : 0.755832221902703,
    "sentKBytesPerSec" : 0.2922928276778454
  },
  "Debug Sampler" : {
    "transaction" : "Debug Sampler",
    "sampleCount" : 10,
    "errorCount" : 0,
    "errorPct" : 0.0,
    "meanResTime" : 0.10000000000000002,
    "medianResTime" : 0.0,
    "minResTime" : 0.0,
    "maxResTime" : 1.0,
    "pct1ResTime" : 0.9000000000000004,
    "pct2ResTime" : 1.0,
    "pct3ResTime" : 1.0,
    "throughput" : 0.10756042206709619,
    "receivedKBytesPerSec" : 0.06017711504124942,
    "sentKBytesPerSec" : 0.0
  },
  "Get Contacs List" : {
    "transaction" : "Get Contacs List",
    "sampleCount" : 9,
    "errorCount" : 3,
    "errorPct" : 33.333332,
    "meanResTime" : 13785.333333333334,
    "medianResTime" : 10009.0,
    "minResTime" : 5235.0,
    "maxResTime" : 35887.0,
    "pct1ResTime" : 35887.0,
    "pct2ResTime" : 35887.0,
    "pct3ResTime" : 35887.0,
    "throughput" : 0.09970862922792284,
    "receivedKBytesPerSec" : 5.9299045739948815,
    "sentKBytesPerSec" : 0.03401518340848409
  },
  "Total" : {
    "transaction" : "Total",
    "sampleCount" : 154,
    "errorCount" : 93,
    "errorPct" : 60.38961,
    "meanResTime" : 6718.363636363635,
    "medianResTime" : 7298.5,
    "minResTime" : 0.0,
    "maxResTime" : 35887.0,
    "pct1ResTime" : 9479.0,
    "pct2ResTime" : 10700.75,
    "pct3ResTime" : 31341.249999999905,
    "throughput" : 0.9850830284266817,
    "receivedKBytesPerSec" : 4.1767330504951,
    "sentKBytesPerSec" : 0.3705680259000077
  },
  "Update Contact " : {
    "transaction" : "Update Contact ",
    "sampleCount" : 7,
    "errorCount" : 0,
    "errorPct" : 0.0,
    "meanResTime" : 3982.428571428571,
    "medianResTime" : 4067.0,
    "minResTime" : 3513.0,
    "maxResTime" : 4638.0,
    "pct1ResTime" : 4638.0,
    "pct2ResTime" : 4638.0,
    "pct3ResTime" : 4638.0,
    "throughput" : 0.09767669015558501,
    "receivedKBytesPerSec" : 0.10120602368659735,
    "sentKBytesPerSec" : 0.09424274401730272
  },
  "Get Contact" : {
    "transaction" : "Get Contact",
    "sampleCount" : 7,
    "errorCount" : 0,
    "errorPct" : 0.0,
    "meanResTime" : 3849.9999999999995,
    "medianResTime" : 3972.0,
    "minResTime" : 3476.0,
    "maxResTime" : 4367.0,
    "pct1ResTime" : 4367.0,
    "pct2ResTime" : 4367.0,
    "pct3ResTime" : 4367.0,
    "throughput" : 0.09983455987221176,
    "receivedKBytesPerSec" : 0.10344186330509442,
    "sentKBytesPerSec" : 0.05332959399423812
  },
  "Delete Contact" : {
    "transaction" : "Delete Contact",
    "sampleCount" : 7,
    "errorCount" : 0,
    "errorPct" : 0.0,
    "meanResTime" : 3858.571428571429,
    "medianResTime" : 4049.0,
    "minResTime" : 3499.0,
    "maxResTime" : 4322.0,
    "pct1ResTime" : 4322.0,
    "pct2ResTime" : 4322.0,
    "pct3ResTime" : 4322.0,
    "throughput" : 0.09971936122626322,
    "receivedKBytesPerSec" : 0.07401046341011724,
    "sentKBytesPerSec" : 0.05989004604897645
  },
  "Add Contact " : {
    "transaction" : "Add Contact ",
    "sampleCount" : 7,
    "errorCount" : 0,
    "errorPct" : 0.0,
    "meanResTime" : 3993.428571428571,
    "medianResTime" : 3510.0,
    "minResTime" : 3485.0,
    "maxResTime" : 5351.0,
    "pct1ResTime" : 5351.0,
    "pct2ResTime" : 5351.0,
    "pct3ResTime" : 5351.0,
    "throughput" : 0.09846119222437899,
    "receivedKBytesPerSec" : 0.10244469469997469,
    "sentKBytesPerSec" : 0.08230740287506683
  }
}