{
  "Add User" : {
    "transaction" : "Add User",
    "sampleCount" : 2,
    "errorCount" : 0,
    "errorPct" : 0.0,
    "meanResTime" : 2929.5,
    "medianResTime" : 2929.5,
    "minResTime" : 365.0,
    "maxResTime" : 5494.0,
    "pct1ResTime" : 5494.0,
    "pct2ResTime" : 5494.0,
    "pct3ResTime" : 5494.0,
    "throughput" : 0.042077801855631064,
    "receivedKBytesPerSec" : 0.0532958095769077,
    "sentKBytesPerSec" : 0.029051763585870274
  },
  "Login User" : {
    "transaction" : "Login User",
    "sampleCount" : 20,
    "errorCount" : 13,
    "errorPct" : 65.0,
    "meanResTime" : 10999.149999999998,
    "medianResTime" : 7900.0,
    "minResTime" : 6654.0,
    "maxResTime" : 36969.0,
    "pct1ResTime" : 25058.700000000023,
    "pct2ResTime" : 36426.04999999999,
    "pct3ResTime" : 36969.0,
    "throughput" : 0.2303165701256377,
    "receivedKBytesPerSec" : 0.22892207526745512,
    "sentKBytesPerSec" : 0.06581116056519686
  },
  "Debug Sampler" : {
    "transaction" : "Debug Sampler",
    "sampleCount" : 7,
    "errorCount" : 0,
    "errorPct" : 0.0,
    "meanResTime" : 0.4285714285714286,
    "medianResTime" : 0.0,
    "minResTime" : 0.0,
    "maxResTime" : 1.0,
    "pct1ResTime" : 1.0,
    "pct2ResTime" : 1.0,
    "pct3ResTime" : 1.0,
    "throughput" : 0.09247760720796892,
    "receivedKBytesPerSec" : 0.052573416486115146,
    "sentKBytesPerSec" : 0.0
  },
  "Get Contacs List" : {
    "transaction" : "Get Contacs List",
    "sampleCount" : 6,
    "errorCount" : 4,
    "errorPct" : 66.666664,
    "meanResTime" : 43582.666666666664,
    "medianResTime" : 27079.5,
    "minResTime" : 6631.0,
    "maxResTime" : 113277.0,
    "pct1ResTime" : 113277.0,
    "pct2ResTime" : 113277.0,
    "pct3ResTime" : 113277.0,
    "throughput" : 0.041025360510355484,
    "receivedKBytesPerSec" : 1.2683139773403258,
    "sentKBytesPerSec" : 0.006997815399552823
  },
  "Total" : {
    "transaction" : "Total",
    "sampleCount" : 44,
    "errorCount" : 18,
    "errorPct" : 40.909092,
    "meanResTime" : 12179.5,
    "medianResTime" : 6771.5,
    "minResTime" : 0.0,
    "maxResTime" : 113277.0,
    "pct1ResTime" : 30348.5,
    "pct2ResTime" : 68159.25,
    "pct3ResTime" : 113277.0,
    "throughput" : 0.2628262181099211,
    "receivedKBytesPerSec" : 1.3306102290918758,
    "sentKBytesPerSec" : 0.08356819071028786
  },
  "Update Contact " : {
    "transaction" : "Update Contact ",
    "sampleCount" : 3,
    "errorCount" : 1,
    "errorPct" : 33.333332,
    "meanResTime" : 7738.666666666667,
    "medianResTime" : 9707.0,
    "minResTime" : 3476.0,
    "maxResTime" : 10033.0,
    "pct1ResTime" : 10033.0,
    "pct2ResTime" : 10033.0,
    "pct3ResTime" : 10033.0,
    "throughput" : 0.03904419803217242,
    "receivedKBytesPerSec" : 0.06835276595606227,
    "sentKBytesPerSec" : 0.025114366963402572
  },
  "Get Contact" : {
    "transaction" : "Get Contact",
    "sampleCount" : 2,
    "errorCount" : 0,
    "errorPct" : 0.0,
    "meanResTime" : 5433.5,
    "medianResTime" : 5433.5,
    "minResTime" : 3495.0,
    "maxResTime" : 7372.0,
    "pct1ResTime" : 7372.0,
    "pct2ResTime" : 7372.0,
    "pct3ResTime" : 7372.0,
    "throughput" : 0.0394780995242889,
    "receivedKBytesPerSec" : 0.04082744862912299,
    "sentKBytesPerSec" : 0.021088398866978542
  },
  "Delete Contact" : {
    "transaction" : "Delete Contact",
    "sampleCount" : 2,
    "errorCount" : 0,
    "errorPct" : 0.0,
    "meanResTime" : 3479.5,
    "medianResTime" : 3479.5,
    "minResTime" : 3478.0,
    "maxResTime" : 3481.0,
    "pct1ResTime" : 3481.0,
    "pct2ResTime" : 3481.0,
    "pct3ResTime" : 3481.0,
    "throughput" : 0.03948667324777888,
    "receivedKBytesPerSec" : 0.029306515301085884,
    "sentKBytesPerSec" : 0.023715140671273446
  },
  "Add Contact " : {
    "transaction" : "Add Contact ",
    "sampleCount" : 2,
    "errorCount" : 0,
    "errorPct" : 0.0,
    "meanResTime" : 3757.5,
    "medianResTime" : 3757.5,
    "minResTime" : 3501.0,
    "maxResTime" : 4014.0,
    "pct1ResTime" : 4014.0,
    "pct2ResTime" : 4014.0,
    "pct3ResTime" : 4014.0,
    "throughput" : 0.04228419205480031,
    "receivedKBytesPerSec" : 0.04377074568172689,
    "sentKBytesPerSec" : 0.03534694179580964
  }
}